Tarih,Ev,Dep,Lig,Tahmin,Oran,Olasilik,Edge,EfektifEdge,FairP,PiyasaSapma,PiyasaUyum,OverRound,SharpPiyasa,EvELO,DepELO,Konsensus,MC-Analitik,LamEv,LamDep,1.5Uz,2.5Uz,3.5Uz,BTS,EvForm,DepForm,EvMomentum,DepMomentum,EvSeri,DepSeri,H2HGuven,H2HMac,AgirlikELO,AgirlikPoisson,AgirlikForm,MacTarihi,SharpSinyal,HareketGucu,EvHareket,DepHareket,IlkEvOran,IlkDepOran,KitapSayisi,PinnacleVar,GercekSonuc,TelegramBildirildi,RL_Ogrenildi
09.03.2026 03:44,Lazio,Sassuolo,Serie A,Deplasman Kazanır,3.7,0.3663,0.3553,0.3108,0.2691,0.0972,0.792,1.0043,1,1463.5,1512.0,0.974,0.974,1.237,1.3,0.709,0.451,0.249,0.502,0.389,0.547,0.0,0.333,MBMGM,BMMGG,0.0,0,0.39,0.34,0.06,2026-03-09T19:45:00Z,YOK,0.000,0.0,0.0,0.0,0.0,1.0,0.0,ev,1,1
09.03.2026 03:44,Tondela,Rio Ave FC,Primeira Liga,Deplasman Kazanır,4.0,0.3319,0.3276,0.2836,0.2471,0.0848,0.754,1.0116,1,1390.3,1363.9,0.949,0.949,1.315,1.179,0.703,0.447,0.237,0.489,0.373,0.25,0.167,-0.5,GMBBB,BMMMM,0.0,0,0.4,0.33,0.05,2026-03-09T20:15:00Z,YOK,0.000,0.0,0.0,0.0,0.0,1.0,0.0,dep,1,1
09.03.2026 03:44,Newcastle United,Barcelona,Champions League,Deplasman Kazanır,2.32,0.5395,0.2516,0.2226,0.4288,0.1107,0.832,1.0052,1,1576.4,1751.0,0.974,0.974,1.34,2.126,0.854,0.663,0.448,0.629,0.591,0.717,0.333,0.0,MMGMG,MGGMG,0.0,0,0.4,0.33,0.05,2026-03-10T20:00:00Z,YOK,0.000,0.0,0.0,0.0,0.0,1.0,0.0,dep,1,1
09.03.2026 03:44,Espanyol,Oviedo,La Liga,Ev Sahibi Kazanır,1.96,0.607,0.1897,0.1604,0.509,0.098,0.794,1.0024,1,1443.3,1332.3,0.961,0.961,1.771,0.922,0.74,0.499,0.286,0.489,0.368,0.141,-0.5,0.0,GMMMB,BMMBM,0.0,0,0.42,0.32,0.05,2026-03-09T20:00:00Z,YOK,0.000,0.0,0.0,0.0,0.0,1.0,0.0,ber,1,1
09.03.2026 20:12,Real Madrid,Manchester City,Champions League,Ev Sahibi Kazanır,3.65,0.4675,0.7064,0.6312,0.2743,0.1932,1.0,0.9988,1,1704.9,1689.2,0.968,0.968,1.441,1.173,0.729,0.483,0.27,0.515,0.794,0.645,-0.333,0.667,GGGGM,MMBGG,0.0,0,0.4,0.33,0.06,2026-03-11T20:00:00Z,YOK,0.000,0.0,0.0,0.0,0.0,1.0,0.0,dep,1,1
09.03.2026 22:24,Angers,Nice,Ligue 1,Ev Sahibi Kazanır,3.31,0.5136,0.7,0.6683,0.2933,0.2203,1.0,1.0648,0,1455.5,1398.8,0.956,0.956,1.509,1.039,0.715,0.466,0.258,0.495,0.576,0.149,0.333,0.333,GMGGM,MMGMM,0.0,0,0.41,0.32,0.05,2026-03-14T18:00:00Z,YOK,0.000,0.0,0.0,3.31,2.45,41.0,1.0,dep,1,1
09.03.2026 22:24,Torino,Parma,Serie A,Deplasman Kazanır,4.2,0.3852,0.6178,0.5932,0.2332,0.152,0.956,1.0612,0,1409.9,1466.2,0.978,0.978,1.008,1.063,0.617,0.343,0.159,0.409,0.433,0.678,0.667,0.333,MMGMG,BMGGB,0.0,0,0.38,0.34,0.06,2026-03-13T19:45:00Z,YOK,0.000,0.0,0.0,2.23,4.2,41.0,1.0,ev,1,1
09.03.2026 22:24,Nottingham Forest,Fulham,Premier League,Deplasman Kazanır,3.5,0.4249,0.4871,0.4875,0.2822,0.1427,0.928,1.0594,1,1422.5,1498.6,0.975,0.975,1.144,1.366,0.708,0.46,0.247,0.503,0.303,0.495,0.167,-0.167,MBBBM,BMMMG,0.0,0,0.38,0.34,0.06,2026-03-15T14:00:00Z,YOK,0.000,0.0,0.0,2.28,3.5,41.0,1.0,ber,1,1
09.03.2026 22:24,Real Sociedad,CA Osasuna,La Liga,Deplasman Kazanır,4.36,0.3343,0.4575,0.4294,0.2313,0.103,0.809,1.0652,0,1519.1,1492.4,0.945,0.945,1.397,1.342,0.75,0.51,0.294,0.55,0.674,0.402,0.333,0.167,BGGGB,MGGBM,0.0,0,0.4,0.33,0.05,2026-03-15T20:00:00Z,YOK,0.000,0.0,0.0,1.96,4.36,36.0,1.0,ev,1,1
09.03.2026 22:24,Vitória SC,Famalicão,Primeira Liga,Deplasman Kazanır,3.1,0.46,0.426,0.3914,0.3199,0.1401,0.92,1.0825,0,1436.6,1530.8,0.961,0.961,0.88,1.215,0.611,0.351,0.166,0.4,0.64,0.335,0.5,-0.167,GMGGB,MGMMB,0.0,0,0.39,0.33,0.06,2026-03-14T15:30:00Z,YOK,0.000,0.0,0.0,2.45,3.1,34.0,1.0,dep,1,1
09.03.2026 22:24,Manchester United,Aston Villa,Premier League,Deplasman Kazanır,4.6,0.302,0.3892,0.3873,0.2266,0.0754,0.726,1.0588,1,1615.6,1557.3,0.951,0.951,1.639,1.24,0.779,0.542,0.326,0.561,0.874,0.535,0.167,0.0,BGGGG,MBGBM,0.0,0,0.41,0.32,0.05,2026-03-15T14:00:00Z,YOK,0.000,0.0,0.0,1.8,4.6,41.0,1.0,ev,1,1
09.03.2026 22:51,Oviedo,Valencia,La Liga,Deplasman Kazanır,2.7,0.498,0.3446,0.2958,0.3751,0.1229,0.869,1.0617,0,1332.3,1475.4,0.965,0.965,0.919,1.274,0.634,0.378,0.188,0.424,0.384,0.341,-0.167,0.0,BBGMM,MGMGM,0.0,0,0.4,0.33,0.06,2026-03-14T17:30:00Z,YOK,0.000,1.6,0.0,3.1,2.7,37.0,1.0,ev,1,1
09.03.2026 22:51,Nacional,Estoril,Primeira Liga,Deplasman Kazanır,2.85,0.4652,0.3258,0.2905,0.3403,0.1249,0.875,1.096,0,1416.5,1535.3,0.988,0.988,1.626,1.884,0.857,0.673,0.461,0.673,0.346,0.342,-0.667,0.0,BGBMM,MGGMM,0.0,0,0.39,0.33,0.06,2026-03-15T15:30:00Z,YOK,0.000,0.0,0.0,2.51,2.85,35.0,1.0,dep,1,1
09.03.2026 22:51,Sassuolo,Bologna,Serie A,Ev Sahibi Kazanır,2.8,0.4615,0.2922,0.2702,0.3558,0.1057,0.817,1.0653,0,1512.0,1472.0,0.921,0.921,1.391,1.568,0.796,0.562,0.337,0.589,0.62,0.667,0.167,0.167,MGMGG,BGMGG,0.0,0,0.4,0.33,0.05,2026-03-15T14:00:00Z,YOK,0.000,0.0,0.0,2.8,2.8,40.0,1.0,dep,1,1
09.03.2026 22:51,Hellas Verona,Genoa,Serie A,Deplasman Kazanır,2.52,0.5057,0.2744,0.2464,0.3937,0.112,0.836,1.0619,0,1325.4,1465.8,0.972,0.972,1.062,1.613,0.741,0.489,0.276,0.517,0.165,0.316,0.167,-0.167,MMMBM,BBMBM,0.0,0,0.4,0.33,0.06,2026-03-15T11:30:00Z,YOK,0.000,0.0,0.0,3.45,2.52,40.0,1.0,dep,1,1
09.03.2026 22:51,Mallorca,Espanyol,La Liga,Deplasman Kazanır,3.35,0.3826,0.2817,0.2437,0.2943,0.0883,0.765,1.0658,0,1416.8,1443.3,0.966,0.966,1.576,1.584,0.809,0.601,0.385,0.611,0.472,0.392,-0.333,-0.333,MGGMM,BMMMB,0.0,0,0.39,0.33,0.06,2026-03-15T13:00:00Z,YOK,0.000,0.0,0.0,2.6,3.35,37.0,1.0,ev,1,1
09.03.2026 22:51,Pisa,Cagliari,Serie A,Ev Sahibi Kazanır,2.72,0.4532,0.2327,0.2184,0.3698,0.0834,0.75,1.0655,0,1443.0,1417.0,0.936,0.936,1.351,1.437,0.752,0.516,0.302,0.54,0.423,0.397,0.167,0.0,MBBMG,BMGMB,0.0,0,0.4,0.33,0.05,2026-03-15T14:00:00Z,YOK,0.000,0.0,0.0,2.72,3.25,41.0,1.0,ev,1,1
09.03.2026 22:57,Lazio,AC Milan,Serie A,Deplasman Kazanır,2.12,0.5748,0.2186,0.1982,0.4721,0.1027,0.808,1.0619,0,1463.5,1693.1,0.943,0.943,0.695,1.468,0.631,0.371,0.178,0.379,0.389,0.891,0.0,0.333,MBMGM,GBGGG,0.0,0,0.42,0.31,0.05,2026-03-15T19:45:00Z,YOK,0.000,0.0,0.0,4.1,2.12,40.0,1.0,ev,1,1
09.03.2026 23:39,Crystal Palace,Leeds United,Premier League,Deplasman Kazanır,3.3,0.4232,0.3966,0.3881,0.3081,0.1151,0.845,1.0596,1,1595.7,1624.6,0.927,0.927,1.003,1.471,0.701,0.447,0.235,0.476,0.323,0.404,0.0,0.167,BBMMG,BMBBB,0.0,0,0.39,0.33,0.06,2026-03-15T14:00:00Z,YOK,0.000,0.0,0.0,2.46,3.3,41.0,1.0,ber,1,1
09.03.2026 23:39,Como,AS Roma,Serie A,Deplasman Kazanır,3.65,0.3571,0.3034,0.2836,0.2787,0.0784,0.735,1.0645,0,1682.9,1667.1,0.946,0.946,1.335,1.283,0.73,0.486,0.273,0.524,0.597,0.322,0.0,-0.5,MGBMG,GGMBM,0.5,3,0.39,0.32,0.05,2026-03-15T17:00:00Z,YOK,0.000,0.0,0.0,2.24,3.65,40.0,1.0,ev,1,1
09.03.2026 23:39,Chelsea,Newcastle United,Premier League,Deplasman Kazanır,4.21,0.3064,0.2899,0.2761,0.2441,0.0623,0.687,1.0594,1,1759.3,1683.7,0.931,0.931,1.723,1.603,0.838,0.644,0.423,0.637,0.686,0.501,-0.167,0.333,GGGBB,BMGGM,0.83,5,0.39,0.31,0.05,2026-03-14T17:30:00Z,YOK,0.000,0.0,0.0,1.85,4.21,41.0,1.0,dep,1,1
09.03.2026 23:39,Go Ahead Eagles,NAC Breda,Eredivisie,Ev Sahibi Kazanır,2.27,0.5658,0.2844,0.2708,0.4239,0.1419,0.926,1.087,0,1454.4,1367.4,0.969,0.969,1.818,1.158,0.787,0.561,0.345,0.551,0.443,0.346,-0.167,0.333,BBMGM,MBBGM,0.5,3,0.4,0.31,0.05,2026-03-15T15:45:00Z,YOK,0.000,0.0,0.0,2.27,3.2,36.0,1.0,ev,1,1
09.03.2026 23:39,FC Volendam,Fortuna Sittard,Eredivisie,Deplasman Kazanır,2.92,0.4394,0.283,0.2577,0.3321,0.1073,0.822,1.0851,0,1365.8,1438.3,0.963,0.963,1.5,1.798,0.834,0.632,0.417,0.63,0.688,0.425,0.5,-0.167,MGBGG,BGMMG,0.5,3,0.37,0.33,0.05,2026-03-14T15:30:00Z,YOK,0.000,0.0,-0.3,2.38,2.91,36.0,1.0,dep,1,1
09.03.2026 23:47,Cremonese,Fiorentina,Serie A,Ev Sahibi Kazanır,4.0,0.3236,0.2944,0.2703,0.2467,0.0769,0.731,1.0678,0,1411.9,1483.6,0.944,0.944,0.998,1.519,0.713,0.462,0.248,0.483,0.282,0.356,-0.167,-0.167,BBMBM,BGMGM,0.0,0,0.38,0.34,0.06,2026-03-16T19:45:00Z,YOK,0.000,0.0,0.0,4.0,2.03,37.0,1.0,dep,1,1
10.03.2026 19:30,Chelsea FC,Paris Saint-Germain FC,Champions League,Deplasman Kazanır,2.98,0.4399,0.3109,0.2535,0.3521,0.0878,0.763,1.05,1,1759.3,1801.8,0.929,0.929,1.797,2.404,0.917,0.783,0.597,0.741,0.686,0.727,-0.167,0.0,GGGBB,GGMGG,0.0,0,0.39,0.34,0.06,2026-03-17T20:00:00Z,YOK,0.000,0.0,0.0,2.62,2.98,0.0,0.0,dep,1,1
10.03.2026 19:30,Stade Rennais FC 1901,Lille OSC,Ligue 1,Deplasman Kazanır,3.78,0.3459,0.3075,0.2466,0.2778,0.0681,0.704,1.05,1,1624.5,1579.4,0.927,0.927,1.472,1.446,0.783,0.551,0.334,0.578,0.722,0.493,-0.167,-0.167,GBMGG,GMMBG,0.83,5,0.39,0.31,0.05,2026-03-15T19:45:00Z,YOK,0.000,0.0,0.0,2.01,3.78,0.0,0.0,dep,1,1
10.03.2026 19:30,US Sassuolo Calcio,Bologna FC 1909,Serie A,Deplasman Kazanır,3.23,0.4029,0.3014,0.2436,0.3256,0.0773,0.732,1.05,1,1503.7,1514.2,0.925,0.925,1.339,1.849,0.818,0.605,0.391,0.611,0.62,0.667,0.167,0.167,MGMGG,BGMGG,0.5,3,0.38,0.32,0.05,2026-03-15T14:00:00Z,YOK,0.000,0.0,0.0,2.36,3.23,0.0,0.0,dep,1,1
10.03.2026 19:30,West Bromwich Albion FC,Southampton FC,Championship,Ev Sahibi Kazanır,3.49,0.3693,0.2889,0.2399,0.3013,0.068,0.704,1.05,1,1333.7,1481.6,0.943,0.943,1.492,1.583,0.807,0.592,0.368,0.6,0.335,0.639,0.0,0.667,MMBMB,MBGGG,0.83,5,0.38,0.31,0.05,2026-03-11T19:45:00Z,YOK,0.000,0.0,0.0,3.49,2.16,0.0,0.0,ber,1,1
10.03.2026 19:30,SC Heerenveen,Telstar 1963,Eredivisie,Deplasman Kazanır,4.24,0.3025,0.2826,0.2361,0.2479,0.0546,0.664,1.05,1,1540.7,1460.7,0.928,0.928,1.833,1.683,0.862,0.677,0.47,0.668,0.621,0.498,0.667,0.0,BMBGG,BMBMG,0.0,0,0.41,0.32,0.05,2026-03-14T19:00:00Z,YOK,0.000,0.0,0.0,1.84,4.24,0.0,0.0,ev,1,1
10.03.2026 19:30,Angers SCO,OGC Nice,Ligue 1,Deplasman Kazanır,3.31,0.3893,0.2886,0.2322,0.3172,0.0721,0.716,1.05,1,1456.2,1456.8,0.935,0.935,1.223,1.369,0.724,0.482,0.266,0.521,0.576,0.149,0.333,0.333,GMGGM,MMGMM,0.5,3,0.39,0.32,0.05,2026-03-14T18:00:00Z,YOK,0.000,0.0,0.0,2.29,3.31,0.0,0.0,dep,1,1
10.03.2026 19:30,Millwall FC,Derby County FC,Championship,Deplasman Kazanır,4.32,0.295,0.2744,0.2287,0.2432,0.0518,0.655,1.05,1,1559.0,1473.5,0.919,0.919,1.437,1.213,0.734,0.494,0.282,0.523,0.645,0.488,-0.5,-0.333,GGBMG,GGGMM,0.5,3,0.4,0.31,0.05,2026-03-10T19:45:00Z,YOK,0.000,0.0,0.0,1.82,4.32,0.0,0.0,ev,1,1
10.03.2026 19:30,US Cremonese,ACF Fiorentina,Serie A,Deplasman Kazanır,2.77,0.4539,0.2573,0.215,0.3791,0.0748,0.724,1.05,1,1411.9,1483.6,0.945,0.945,0.998,1.519,0.707,0.458,0.248,0.49,0.282,0.356,-0.167,-0.167,BBMBM,BGMGM,0.0,0,0.38,0.34,0.06,2026-03-16T19:45:00Z,YOK,0.000,0.0,0.0,2.88,2.77,0.0,0.0,dep,1,1
10.03.2026 19:30,Chelsea FC,Newcastle United FC,Premier League,Deplasman Kazanır,4.17,0.3,0.251,0.2121,0.2516,0.0484,0.645,1.05,1,1759.3,1683.7,0.936,0.936,1.727,1.537,0.83,0.628,0.411,0.636,0.686,0.501,-0.167,0.333,GGGBB,BMGGM,0.83,5,0.39,0.31,0.05,2026-03-14T17:30:00Z,YOK,0.000,0.0,0.0,1.86,4.17,0.0,0.0,dep,1,1
10.03.2026 19:30,Manchester City FC,Real Madrid CF,Champions League,Deplasman Kazanır,3.3,0.3756,0.2395,0.204,0.3179,0.0577,0.673,1.05,1,1798.7,1800.2,0.961,0.961,1.978,1.949,0.894,0.746,0.551,0.729,0.812,0.717,0.0,0.0,GGGGB,MGGMG,0.83,5,0.38,0.32,0.05,2026-03-17T20:00:00Z,YOK,0.000,0.0,0.0,2.29,3.3,0.0,0.0,dep,1,1
10.03.2026 19:30,Hamburger SV,1. FC Köln,Bundesliga,Deplasman Kazanır,4.47,0.2787,0.2458,0.2034,0.235,0.0437,0.631,1.05,1,1481.3,1386.0,0.925,0.925,1.488,1.16,0.734,0.491,0.284,0.521,0.456,0.109,-0.167,-0.333,BBGMM,MBMMM,0.0,0,0.41,0.32,0.05,2026-03-14T17:30:00Z,YOK,0.000,0.0,0.0,1.78,4.47,0.0,0.0,ber,1,1
10.03.2026 19:30,Crystal Palace FC,Leeds United FC,Premier League,Deplasman Kazanır,3.08,0.4082,0.2573,0.1988,0.341,0.0672,0.702,1.05,1,1595.7,1624.6,0.94,0.94,1.062,1.415,0.698,0.447,0.245,0.489,0.323,0.404,0.0,0.167,BBMMG,BMBBB,0.0,0,0.39,0.33,0.06,2026-03-15T14:00:00Z,YOK,0.000,0.0,0.0,2.5,3.08,0.0,0.0,ber,1,1
10.03.2026 19:30,PEC Zwolle,FC Groningen,Eredivisie,Deplasman Kazanır,3.27,0.3748,0.2256,0.1948,0.3207,0.0541,0.662,1.05,1,1468.3,1473.0,0.96,0.96,1.512,1.42,0.779,0.548,0.329,0.572,0.689,0.272,-0.5,-0.833,GGGMB,BGMMM,0.5,3,0.38,0.32,0.05,2026-03-13T19:00:00Z,YOK,0.000,0.0,0.0,2.31,3.27,0.0,0.0,ber,1,1
10.03.2026 19:30,Manchester United FC,Aston Villa FC,Premier League,Deplasman Kazanır,3.43,0.3615,0.2399,0.187,0.3058,0.0557,0.667,1.05,1,1689.1,1676.4,0.951,0.951,1.465,1.341,0.757,0.524,0.312,0.551,0.874,0.535,0.167,0.0,BGGGG,MBGBM,0.83,5,0.38,0.31,0.05,2026-03-15T14:00:00Z,YOK,0.000,0.0,0.0,2.2,3.43,0.0,0.0,ev,1,1
10.03.2026 19:30,SS Lazio,AC Milan,Serie A,Ev Sahibi Kazanır,4.5,0.271,0.2195,0.1868,0.2335,0.0375,0.613,1.05,1,1513.6,1740.7,0.938,0.938,1.06,1.698,0.751,0.513,0.288,0.518,0.389,0.891,0.0,0.333,MBMGM,GBGGG,0.83,5,0.4,0.31,0.05,2026-03-15T19:45:00Z,YOK,0.000,0.0,0.0,4.5,1.77,0.0,0.0,ev,1,1
10.03.2026 19:58,Burnley FC,AFC Bournemouth,Premier League,Ev Sahibi Kazanır,3.59,0.3657,0.3129,0.2615,0.2924,0.0733,0.72,1.05,1,1471.9,1630.1,0.948,0.948,1.29,1.444,0.751,0.505,0.291,0.542,0.183,0.583,-0.167,0.5,MBBMM,BBGGB,0.5,3,0.39,0.32,0.05,2026-03-14T15:00:00Z,YOK,0.000,0.0,0.0,3.59,2.1,0.0,0.0,ber,1,1
10.03.2026 19:58,FC Internazionale Milano,Atalanta BC,Serie A,Deplasman Kazanır,4.93,0.2659,0.3109,0.2602,0.2129,0.053,0.659,1.05,1,1783.5,1661.3,0.94,0.94,1.861,1.235,0.802,0.59,0.372,0.587,0.678,0.402,0.0,0.0,MGGMG,MBGMM,0.83,5,0.4,0.3,0.05,2026-03-14T14:00:00Z,YOK,0.000,0.0,0.0,1.68,4.93,0.0,0.0,ber,1,1
10.03.2026 19:58,Norwich City FC,Preston North End FC,Championship,Deplasman Kazanır,4.41,0.2981,0.3146,0.26,0.2382,0.0599,0.68,1.05,1,1478.8,1387.3,0.938,0.938,1.546,1.115,0.743,0.498,0.278,0.516,0.626,0.39,0.333,0.0,MGGMG,GMBMB,0.83,5,0.4,0.31,0.05,2026-03-14T15:00:00Z,YOK,0.000,0.0,0.0,1.79,4.41,0.0,0.0,ev,1,1
10.03.2026 19:58,SC Freiburg,1. FC Union Berlin,Bundesliga,Deplasman Kazanır,4.45,0.2918,0.2985,0.2462,0.2361,0.0557,0.667,1.05,1,1516.6,1422.6,0.945,0.945,1.729,1.154,0.772,0.547,0.33,0.554,0.851,0.275,0.0,-0.667,GGGGB,BBMMM,0.83,5,0.4,0.31,0.05,2026-03-15T16:30:00Z,YOK,0.000,0.0,0.0,1.78,4.45,0.0,0.0,dep,1,1
10.03.2026 19:58,Rayo Vallecano de Madrid,Levante UD,La Liga,Deplasman Kazanır,4.38,0.2943,0.289,0.2377,0.2399,0.0544,0.663,1.05,1,1521.3,1431.9,0.939,0.939,1.585,1.005,0.722,0.473,0.26,0.486,0.668,0.16,0.333,-0.333,GMGBG,MGMMM,0.0,0,0.41,0.32,0.05,2026-03-16T20:00:00Z,YOK,0.000,0.0,0.0,1.8,4.38,0.0,0.0,ber,1,1
11.03.2026 02:09,FC Arouca,Sport Lisboa e Benfica,Primeira Liga,Deplasman Kazanır,1.99,0.6952,0.3834,0.3583,0.5276,0.1676,1.0,1.05,1,1440.5,1763.2,0.969,0.969,1.091,2.681,0.884,0.719,0.511,0.609,0.585,0.615,0.167,0.167,GBMGG,MBGMG,0.83,5,0.41,0.3,0.05,2026-03-14T20:30:00Z,YOK,0.000,0.0,0.0,4.24,1.99,0.0,0.0,dep,1,1
11.03.2026 02:09,Feyenoord Rotterdam,SBV Excelsior,Eredivisie,Ev Sahibi Kazanır,1.91,0.73,0.3943,0.3488,0.5488,0.1812,1.0,1.05,1,1631.9,1377.4,0.966,0.966,2.804,1.104,0.893,0.742,0.543,0.623,0.742,0.443,0.5,0.0,BMGGG,MBBGM,0.5,3,0.41,0.3,0.05,2026-03-15T13:30:00Z,YOK,0.000,0.0,0.0,1.91,4.63,0.0,0.0,ev,1,1
11.03.2026 02:09,Real Madrid CF,Elche CF,La Liga,Ev Sahibi Kazanır,1.83,0.7537,0.3793,0.3485,0.5745,0.1792,1.0,1.05,1,1800.2,1439.1,0.925,0.925,2.752,1.038,0.883,0.711,0.509,0.589,0.794,0.054,-0.333,-0.167,GGGGM,BMMMM,0.0,0,0.42,0.31,0.05,2026-03-14T20:00:00Z,YOK,0.000,0.0,0.0,1.83,5.22,0.0,0.0,ev,1,1
11.03.2026 02:09,FC Porto,Moreirense FC,Primeira Liga,Ev Sahibi Kazanır,1.86,0.7467,0.3889,0.3373,0.5653,0.1814,1.0,1.05,1,1800.9,1484.3,0.93,0.93,2.127,0.749,0.778,0.541,0.323,0.45,0.925,0.471,-0.167,0.0,GGBGG,GMMGB,0.83,5,0.41,0.3,0.05,2026-03-15T20:30:00Z,YOK,0.000,0.0,0.0,1.86,4.99,0.0,0.0,ev,1,1
11.03.2026 02:09,Sporting Clube de Portugal,FK Bodø/Glimt,Champions League,Ev Sahibi Kazanır,1.96,0.7108,0.3932,0.3295,0.5354,0.1754,1.0,1.05,1,1851.6,1638.0,0.985,0.985,3.2,1.376,0.935,0.82,0.65,0.709,1.0,0.667,0.0,0.0,GGGGG,BMBGG,0.0,0,0.38,0.33,0.06,2026-03-17T17:45:00Z,YOK,0.000,0.0,0.0,1.96,4.37,0.0,0.0,ev,1,1
11.03.2026 02:09,AZ,Heracles Almelo,Eredivisie,Ev Sahibi Kazanır,1.97,0.6924,0.364,0.3257,0.5333,0.1591,0.977,1.05,1,1550.2,1342.4,0.97,0.97,2.665,1.178,0.89,0.731,0.539,0.634,0.577,0.123,-0.167,-0.167,GBMBG,MMMMM,0.83,5,0.41,0.3,0.05,2026-03-15T13:30:00Z,YOK,0.000,0.0,0.0,1.97,4.33,0.0,0.0,ev,1,1
11.03.2026 02:09,FK Bodø/Glimt,Sporting Clube de Portugal,Champions League,Deplasman Kazanır,2.2,0.6139,0.3506,0.3087,0.4773,0.1366,0.91,1.05,1,1638.0,1851.6,0.955,0.955,1.606,3.2,0.947,0.852,0.698,0.757,0.569,0.711,0.0,-0.167,BMMGG,GGBGB,0.0,0,0.37,0.33,0.06,2026-03-11T20:00:00Z,YOK,0.000,0.0,0.0,3.52,2.2,0.0,0.0,ev,1,1
11.03.2026 02:09,Borussia Dortmund,FC Augsburg,Bundesliga,Ev Sahibi Kazanır,1.92,0.6932,0.3309,0.294,0.5456,0.1476,0.943,1.05,1,1718.5,1474.5,0.941,0.941,2.526,1.073,0.864,0.688,0.479,0.586,0.686,0.302,0.0,0.0,MGGGM,MGMGM,0.83,5,0.4,0.3,0.05,2026-03-14T14:30:00Z,YOK,0.000,0.0,0.0,1.92,4.57,0.0,0.0,ev,1,1
11.03.2026 02:09,Arsenal FC,Everton FC,Premier League,Ev Sahibi Kazanır,1.88,0.7145,0.3433,0.2904,0.5593,0.1552,0.966,1.05,1,1922.3,1630.3,0.906,0.906,1.663,0.704,0.671,0.422,0.217,0.4,0.82,0.802,0.5,0.0,BMGGG,GGBGG,0.83,5,0.41,0.3,0.05,2026-03-14T17:30:00Z,YOK,0.000,0.0,0.0,1.88,4.86,0.0,0.0,ev,1,1
11.03.2026 02:09,West Ham United FC,Manchester City FC,Premier League,Deplasman Kazanır,2.08,0.6479,0.3476,0.286,0.5047,0.1432,0.93,1.05,1,1530.2,1798.7,0.973,0.973,1.002,2.116,0.799,0.59,0.379,0.541,0.394,0.645,0.5,0.667,BMGBB,MMBGG,0.83,5,0.4,0.3,0.05,2026-03-14T20:00:00Z,YOK,0.000,0.0,0.0,3.88,2.08,0.0,0.0,ber,1,1
11.03.2026 02:09,Club Atlético de Madrid,Getafe CF,La Liga,Ev Sahibi Kazanır,1.98,0.662,0.3108,0.2825,0.5297,0.1323,0.897,1.05,1,1716.8,1518.7,0.935,0.935,1.822,0.895,0.749,0.506,0.294,0.489,0.801,0.585,0.667,0.667,MGGGG,MBBGG,0.83,5,0.4,0.3,0.05,2026-03-14T15:15:00Z,YOK,0.000,0.0,0.0,1.98,4.27,0.0,0.0,ev,1,1
11.03.2026 02:09,PSV,NEC,Eredivisie,Ev Sahibi Kazanır,2.0,0.6609,0.3218,0.2777,0.5255,0.1354,0.906,1.05,1,1788.0,1600.8,0.945,0.945,2.919,1.837,0.942,0.842,0.688,0.777,0.753,0.689,0.5,-0.167,BMGGG,BGGBB,0.83,5,0.41,0.29,0.05,2026-03-14T17:45:00Z,YOK,0.000,0.0,0.0,2.0,4.2,0.0,0.0,dep,1,1
11.03.2026 02:09,SSC Napoli,US Lecce,Serie A,Ev Sahibi Kazanır,1.91,0.6963,0.3299,0.2766,0.5502,0.1461,0.938,1.05,1,1676.4,1417.3,0.927,0.927,1.933,0.754,0.742,0.495,0.282,0.441,0.701,0.221,0.333,0.167,GMGBG,MMMGM,0.83,5,0.41,0.3,0.05,2026-03-14T17:00:00Z,YOK,0.000,0.0,0.0,1.91,4.66,0.0,0.0,ev,1,1
11.03.2026 02:09,Liverpool FC,Tottenham Hotspur FC,Premier League,Ev Sahibi Kazanır,1.95,0.6709,0.3083,0.261,0.5393,0.1316,0.895,1.05,1,1743.9,1518.9,0.926,0.926,2.409,1.236,0.874,0.694,0.496,0.639,0.725,0.285,0.0,-0.5,BGGMG,BGMMM,0.83,5,0.4,0.3,0.05,2026-03-15T16:30:00Z,YOK,0.000,0.0,0.0,1.95,4.45,0.0,0.0,ber,1,1
11.03.2026 02:09,Eintracht Frankfurt,1. FC Heidenheim 1846,Bundesliga,Ev Sahibi Kazanır,1.96,0.6703,0.3138,0.2557,0.5364,0.1339,0.902,1.05,1,1514.9,1298.3,0.942,0.942,2.537,1.251,0.88,0.717,0.517,0.642,0.538,0.141,0.5,-0.167,MMMGG,MBMMM,0.83,5,0.4,0.3,0.05,2026-03-14T14:30:00Z,YOK,0.000,0.0,0.0,1.96,4.39,0.0,0.0,ev,1,1
11.03.2026 02:29,Olympique de Marseille,AJ Auxerre,Ligue 1,Ev Sahibi Kazanır,1.99,0.6539,0.3013,0.2729,0.5263,0.1276,0.883,1.05,1,1621.6,1432.2,0.939,0.939,2.105,1.169,0.832,0.626,0.409,0.592,0.639,0.399,0.5,0.5,MMGBG,MMBGB,0.5,3,0.41,0.31,0.05,2026-03-13T19:45:00Z,YOK,0.000,0.0,0.0,1.99,4.21,0.0,0.0,ev,1,1
11.03.2026 02:55,Sheffield Wednesday FC,Ipswich Town FC,Championship,Deplasman Kazanır,1.92,0.6746,0.2952,0.2632,0.546,0.1286,0.886,1.05,1,1180.5,1556.0,0.917,0.917,1.163,2.238,0.858,0.671,0.447,0.614,0.175,0.535,0.167,-0.167,MMMMB,MGMGB,0.5,3,0.41,0.31,0.05,2026-03-14T15:00:00Z,YOK,0.000,0.0,0.0,4.58,1.92,0.0,0.0,dep,1,1
11.03.2026 03:06,AVS Futebol SAD,Santa Clara,Primeira Liga,Ev Sahibi Kazanır,4.7,0.2799,0.3155,0.3054,0.206,0.0739,0.722,1.0823,0,1288.1,1453.7,0.957,0.957,0.795,1.513,0.665,0.405,0.204,0.418,0.357,0.283,0.333,0.167,MMMGB,BMMBB,0.5,3,0.39,0.32,0.05,2026-03-15T15:30:00Z,YOK,0.000,0.0,0.0,4.7,1.89,34.0,1.0,dep,1,1
11.03.2026 03:06,Werder Bremen,FSV Mainz 05,Bundesliga,Deplasman Kazanır,3.17,0.4034,0.2788,0.2333,0.3092,0.0942,0.783,1.0659,0,1464.6,1507.5,0.983,0.983,1.498,1.44,0.782,0.552,0.342,0.574,0.44,0.352,0.333,0.167,BMBMG,BMGMB,0.83,5,0.37,0.32,0.05,2026-03-15T14:30:00Z,YOK,0.000,1.3,-0.6,2.38,3.15,41.0,1.0,dep,1,1
11.03.2026 03:59,SC Freiburg,Union Berlin,Bundesliga,Ev Sahibi Kazanır,2.19,0.5542,0.2137,0.2043,0.4517,0.1025,0.808,1.0645,0,1516.6,1422.6,0.946,0.946,1.728,1.153,0.771,0.539,0.319,0.547,0.851,0.275,0.0,-0.667,GGGGB,BBMMM,0.83,5,0.4,0.31,0.05,2026-03-15T16:30:00Z,EV,0.218,4.4,-1.4,2.29,3.65,41.0,1.0,dep,1,1
11.03.2026 05:38,Burnley,Bournemouth,Premier League,Ev Sahibi Kazanır,4.2,0.3196,0.3423,0.3423,0.2389,0.0807,0.742,1.0576,1,1471.9,1630.1,0.972,0.972,1.273,1.672,0.788,0.565,0.345,0.576,0.183,0.583,-0.167,0.5,MBBMM,BBGGB,0.5,3,0.39,0.32,0.05,2026-03-14T15:00:00Z,YOK,0.000,2.3,1.0,4.3,1.93,41.0,1.0,ber,1,1
14.03.2026 01:37,Santos,Internacional,Brasileirao,Deplasman Kazanır,3.44,0.3878,0.334,0.334,0.2811,0.1067,0.82,1.0912,0,1355.7,1409.6,0.974,0.974,1.188,1.31,0.704,0.453,0.236,0.497,0.214,0.182,0.333,0.0,MMMGM,MMMMB,0.0,0,0.38,0.34,0.06,2026-03-19,YOK,0.000,0.0,0.0,2.18,3.44,29.0,0.0,dep,1,1
14.03.2026 01:37,Bournemouth,Manchester United,Premier League,Ev Sahibi Kazanır,3.15,0.3936,0.2398,0.2398,0.3284,0.0652,0.696,1.0626,0,1630.1,1689.1,0.98,0.98,1.401,1.49,0.771,0.541,0.323,0.564,0.571,0.542,-0.167,-0.167,GGBBB,BGBGM,0.83,5,0.37,0.32,0.05,2026-03-20,YOK,0.000,0.0,0.0,3.15,2.36,32.0,1.0,ber,1,1
14.03.2026 15:17,Metz,Toulouse,Ligue 1,Deplasman Kazanır,2.05,0.563,0.1541,0.1233,0.4838,0.0792,0.738,1.0578,1,1312.7,1501.6,0.958,0.958,0.88,1.925,0.761,0.53,0.315,0.491,0.218,0.319,0.167,-0.833,MMBMM,GGMMM,0.5,3,0.4,0.32,0.05,2026-03-15,YOK,0.000,-2.4,0.5,4.2,2.06,40.0,1.0,dep,1,1
14.03.2026 15:17,Ajax,Sparta Rotterdam,Eredivisie,Deplasman Kazanır,4.7,0.2656,0.2483,0.2483,0.2215,0.0441,0.632,1.0723,0,1588.9,1503.9,0.955,0.955,2.085,1.309,0.843,0.651,0.435,0.624,0.628,0.4,-0.333,-0.833,BGMGB,GGBMM,0.83,5,0.39,0.31,0.05,2026-03-14,DEP,0.648,-9.9,13.0,1.62,5.4,39.0,1.0,ev,1,1
14.03.2026 16:37,VfB Stuttgart,RB Leipzig,Bundesliga,Ev Sahibi Kazanır,2.52,0.4879,0.2295,0.2295,0.3906,0.0973,0.792,1.0612,0,1636.7,1610.5,0.969,0.969,1.978,1.718,0.87,0.704,0.493,0.694,0.813,0.694,0.333,0.333,GBGGG,MGBGG,0.83,5,0.38,0.31,0.05,2026-03-15,DEP,0.541,-7.7,10.8,2.34,3.05,40.0,1.0,ev,1,1
14.03.2026 18:30,Villarreal,Real Sociedad,La Liga,Deplasman Kazanır,4.23,0.3301,0.3963,0.3963,0.2381,0.092,0.776,1.1247,0,1603.3,1549.4,0.962,0.962,2.144,1.683,0.882,0.724,0.526,0.699,0.622,0.458,0.667,-0.333,MMGGG,GBMGM,0.83,5,0.39,0.31,0.05,2026-03-20,YOK,0.000,0.5,0.0,1.99,4.23,26.0,1.0,ev,1,1
14.03.2026 18:30,CF Estrela,Casa Pia,Primeira Liga,Deplasman Kazanır,3.09,0.4041,0.2487,0.2487,0.3127,0.0914,0.774,1.0976,0,1382.6,1426.9,0.984,0.984,1.424,1.393,0.762,0.531,0.306,0.56,0.462,0.302,0.167,0.0,BMGMB,MMBMB,0.83,5,0.37,0.32,0.05,2026-03-20,YOK,0.000,-3.8,-3.0,2.35,3.0,14.0,0.0,ev,1,1
17.03.2026 03:50,Bologna,Lazio,Serie A,Deplasman Kazanır,3.7,0.3698,0.3683,0.3683,0.2675,0.1023,0.807,1.0677,0,1531.3,1547.0,0.969,0.969,1.225,1.16,0.683,0.425,0.223,0.486,0.214,0.457,0.333,-0.333,MMMGM,GBBBM,0.83,5,0.38,0.32,0.05,2026-03-22,YOK,0.000,0.0,0.0,2.37,3.7,39.0,1.0,dep,1,1
17.03.2026 03:50,Moreirense FC,Arouca,Primeira Liga,Ev Sahibi Kazanır,2.5,0.4881,0.2203,0.2203,0.3887,0.0994,0.798,1.0823,0,1479.3,1435.1,0.963,0.963,1.669,1.358,0.798,0.579,0.36,0.587,0.376,0.273,-0.5,-0.667,GGMMB,GGMMM,0.83,5,0.39,0.31,0.05,2026-03-21,YOK,0.000,0.0,0.0,2.5,3.2,36.0,1.0,dep,1,1
17.03.2026 03:50,Heracles Almelo,Excelsior,Eredivisie,Deplasman Kazanır,2.94,0.4156,0.2219,0.2219,0.3243,0.0913,0.774,1.0906,0,1333.2,1373.4,0.973,0.973,1.562,1.714,0.829,0.623,0.417,0.633,0.335,0.377,-0.167,0.0,MGMMB,BBGMM,0.5,3,0.38,0.33,0.05,2026-03-20,YOK,0.000,-10.9,0.3,2.38,2.95,32.0,1.0,ber,1,1
17.03.2026 03:50,Espanyol,Getafe,La Liga,Deplasman Kazanır,3.55,0.3708,0.3163,0.3163,0.2858,0.085,0.755,1.0624,0,1457.6,1512.9,0.979,0.979,1.066,1.071,0.625,0.357,0.169,0.423,0.36,0.441,0.0,0.333,MMMBB,BBGGM,0.5,3,0.37,0.33,0.05,2026-03-21,YOK,0.000,0.0,0.0,2.54,3.55,36.0,1.0,dep,1,1
17.03.2026 03:50,FSV Mainz 05,Eintracht Frankfurt,Bundesliga,Deplasman Kazanır,3.4,0.3836,0.3042,0.3042,0.294,0.0896,0.769,1.0676,0,1531.7,1520.0,0.96,0.96,1.694,1.537,0.822,0.623,0.405,0.63,0.653,0.27,-0.167,0.167,GGGBB,BMBMB,0.83,5,0.38,0.31,0.05,2026-03-22,YOK,0.000,0.0,0.0,2.25,3.4,39.0,1.0,ev,1,1
17.03.2026 03:50,Everton,Chelsea,Premier League,Ev Sahibi Kazanır,3.7,0.3533,0.3072,0.3072,0.2662,0.0871,0.761,1.0605,0,1624.7,1720.4,0.968,0.968,1.103,1.479,0.724,0.476,0.26,0.508,0.389,0.534,0.0,-0.667,BBMMG,GGMGM,0.83,5,0.37,0.32,0.05,2026-03-21,YOK,0.000,0.0,0.0,3.7,2.12,41.0,1.0,ev,1,1
17.03.2026 03:50,Aston Villa,West Ham United,Premier League,Ev Sahibi Kazanır,2.05,0.5832,0.1956,0.1565,0.4832,0.1,0.8,1.0601,0,1657.7,1537.9,0.955,0.955,1.88,1.124,0.797,0.574,0.354,0.567,0.472,0.496,0.167,0.333,MMGBM,GMGMG,0.83,5,0.4,0.3,0.05,2026-03-22,YOK,0.000,0.0,0.0,2.05,4.15,41.0,1.0,ev,1,1
17.03.2026 03:50,VfL Wolfsburg,Werder Bremen,Bundesliga,Deplasman Kazanır,2.85,0.4068,0.1594,0.1275,0.3443,0.0625,0.688,1.0653,0,1396.5,1440.4,0.989,0.989,1.79,1.68,0.855,0.672,0.46,0.674,0.249,0.252,-0.5,0.167,GBMMM,MMMMG,0.83,5,0.37,0.32,0.05,2026-03-21,YOK,0.000,0.0,0.0,2.55,2.85,39.0,1.0,dep,1,1
17.03.2026 03:50,Leeds United,Brentford,Premier League,Ev Sahibi Kazanır,2.6,0.4468,0.1617,0.1294,0.3855,0.0613,0.684,1.0608,0,1626.3,1641.6,0.976,0.976,1.562,1.236,0.763,0.529,0.314,0.556,0.413,0.723,-0.167,0.167,GMGMM,MGGGB,0.0,0,0.39,0.33,0.06,2026-03-21,YOK,0.000,0.0,0.0,2.6,2.98,41.0,1.0,ber,1,1
18.03.2026 18:17,Elche CF,Mallorca,La Liga,Deplasman Kazanır,3.8,0.3601,0.3684,0.3684,0.2635,0.0966,0.79,1.0586,1,1435.1,1465.3,0.973,0.973,1.643,1.302,0.79,0.564,0.343,0.583,0.456,0.188,-0.167,0.0,MBMBB,MMMMB,0.0,0,0.39,0.33,0.06,2026-03-21,YOK,0.000,0.0,2.6,2.24,3.9,38.0,1.0,ev,1,1
18.03.2026 18:17,Sevilla,Valencia,La Liga,Deplasman Kazanır,3.7,0.367,0.3579,0.3579,0.2747,0.0923,0.777,1.0605,0,1449.3,1512.6,0.984,0.984,1.4,1.244,0.737,0.486,0.279,0.532,0.47,0.29,0.167,0.0,MGBBB,GMGMM,0.83,5,0.36,0.32,0.05,2026-03-21,YOK,0.000,-2.6,2.6,2.3,3.8,38.0,1.0,dep,1,1
18.03.2026 18:17,CA Osasuna,Girona,La Liga,Deplasman Kazanır,3.6,0.3389,0.22,0.22,0.2799,0.059,0.677,1.06,1,1530.2,1504.9,0.952,0.952,1.526,1.462,0.788,0.568,0.355,0.588,0.703,0.542,-0.167,-0.167,BGBGB,GMBBB,0.83,5,0.38,0.31,0.05,2026-03-21,YOK,0.000,2.6,-4.3,2.32,3.45,38.0,1.0,ev,1,1
18.03.2026 21:39,NEC Nijmegen,Heerenveen,Eredivisie,Deplasman Kazanır,4.6,0.2865,0.3179,0.3179,0.2266,0.0599,0.68,1.0875,0,1624.2,1555.9,0.978,0.978,2.614,1.58,0.913,0.78,0.601,0.722,0.63,0.554,-0.5,0.0,GGMMG,GMGMG,0.83,5,0.39,0.31,0.05,2026-03-22,YOK,0.000,0.0,-7.0,1.75,4.3,36.0,1.0,ber,1,1
19.03.2026 01:27,RB Leipzig,TSG 1899 Hoffenheim,Bundesliga,Ev Sahibi Kazanır,2.16,0.5737,0.2392,0.2392,0.4867,0.087,0.761,1.05,1,1543.0,1441.4,0.973,0.973,2.562,1.668,0.922,0.788,0.609,0.736,0.501,0.36,-0.333,0.0,GGBBM,MMMBB,0.67,4,0.4,0.31,0.05,2026-03-20,YOK,0.000,0.0,0.0,2.16,3.64,0.0,0.0,ev,1,1
19.03.2026 01:27,Aston Villa FC,West Ham United FC,Premier League,Ev Sahibi Kazanır,2.12,0.5809,0.2315,0.2315,0.4958,0.0851,0.755,1.05,1,1657.7,1537.9,0.957,0.957,1.88,1.124,0.793,0.568,0.347,0.555,0.472,0.496,0.167,0.333,MMGBM,GMGMG,0.83,5,0.4,0.3,0.05,2026-03-22,YOK,0.000,0.0,0.0,2.12,3.75,0.0,0.0,ev,1,1
19.03.2026 01:27,FC Famalicão,CD Nacional,Primeira Liga,Ev Sahibi Kazanır,2.03,0.5978,0.2135,0.2135,0.5173,0.0805,0.742,1.05,1,1564.8,1397.6,0.926,0.926,1.654,0.849,0.702,0.455,0.245,0.449,0.749,0.182,0.333,0.0,MGGGG,MMMMB,0.5,3,0.41,0.31,0.05,2026-03-21,YOK,0.000,0.0,0.0,2.03,4.07,0.0,0.0,ev,1,1
19.03.2026 04:27,1. FC Heidenheim 1846,Bayer 04 Leverkusen,Bundesliga,Deplasman Kazanır,1.99,0.6812,0.3556,0.3556,0.527,0.1542,0.963,1.05,1,1293.3,1672.1,0.949,0.949,1.012,2.392,0.846,0.649,0.439,0.568,0.219,0.468,0.0,0.0,BMMBM,GMGBM,0.83,5,0.4,0.3,0.05,2026-03-21T14:30:00Z,YOK,0.000,0.0,0.0,4.23,1.99,0.0,0.0,ber,1,1
19.03.2026 04:27,GD Estoril Praia,Rio Ave FC,Primeira Liga,Ev Sahibi Kazanır,2.09,0.6434,0.3447,0.3447,0.5022,0.1412,0.924,1.05,1,1546.1,1413.1,0.946,0.946,2.269,1.268,0.855,0.67,0.462,0.625,0.783,0.363,-0.333,0.167,GGBGB,MMMMG,0.83,5,0.4,0.3,0.05,2026-03-22T15:30:00Z,YOK,0.000,0.0,0.0,2.09,3.84,0.0,0.0,dep,1,1
19.03.2026 04:27,NEC,SC Heerenveen,Eredivisie,Ev Sahibi Kazanır,2.24,0.5919,0.3259,0.3259,0.4689,0.123,0.869,1.05,1,1624.2,1555.9,0.976,0.976,2.614,1.58,0.915,0.781,0.599,0.727,0.63,0.554,-0.5,0.0,GGMMG,GMGMG,0.83,5,0.39,0.31,0.05,2026-03-22T11:15:00Z,YOK,0.000,0.0,0.0,2.24,3.42,0.0,0.0,ber,1,1
19.03.2026 04:27,Real Madrid CF,Club Atlético de Madrid,La Liga,Ev Sahibi Kazanır,2.1,0.6207,0.3035,0.3035,0.5012,0.1195,0.859,1.05,1,1839.5,1703.1,0.938,0.938,2.324,1.54,0.895,0.736,0.532,0.696,0.851,0.454,-0.333,0.167,GGMGG,BMBGM,1.0,6,0.4,0.3,0.05,2026-03-22T20:00:00Z,YOK,0.000,0.0,0.0,2.1,3.83,0.0,0.0,ev,1,1
19.03.2026 04:27,Blackburn Rovers FC,Middlesbrough FC,Championship,Deplasman Kazanır,3.03,0.4404,0.3344,0.3344,0.3462,0.0942,0.783,1.05,1,1385.3,1539.9,0.972,0.972,1.038,1.458,0.703,0.456,0.246,0.487,0.463,0.707,0.0,-0.333,MGGMB,GGMGG,0.83,5,0.38,0.31,0.05,2026-03-21T12:30:00Z,YOK,0.000,0.0,0.0,2.45,3.03,0.0,0.0,ber,1,1
19.03.2026 04:27,Athletic Club,Real Betis Balompié,La Liga,Deplasman Kazanır,3.36,0.3736,0.2553,0.2553,0.3126,0.061,0.683,1.05,1,1529.1,1596.8,0.977,0.977,1.498,1.34,0.774,0.538,0.314,0.568,0.492,0.483,0.5,0.5,MBGGM,BMGGM,0.83,5,0.36,0.32,0.05,2026-03-22T17:30:00Z,YOK,0.000,0.0,0.0,2.27,3.36,0.0,0.0,ev,1,1
19.03.2026 04:27,Racing Club de Lens,Angers SCO,Ligue 1,Ev Sahibi Kazanır,1.94,0.6805,0.3202,0.3202,0.5411,0.1394,0.918,1.05,1,1660.9,1430.6,0.912,0.912,1.595,0.765,0.677,0.418,0.217,0.42,0.825,0.439,-0.333,-0.167,GGGMG,MBMMG,0.5,3,0.41,0.3,0.05,2026-03-20T19:45:00Z,YOK,0.000,0.0,0.0,1.94,4.48,0.0,0.0,ev,1,1
19.03.2026 04:51,FC Barcelona,Rayo Vallecano de Madrid,La Liga,Ev Sahibi Kazanır,1.86,0.7472,0.3898,0.3898,0.5654,0.1818,1.0,1.05,1,1864.6,1514.6,0.941,0.941,2.817,0.914,0.874,0.705,0.501,0.55,1.0,0.23,0.0,0.333,GGGGG,MMMBB,0.83,5,0.41,0.3,0.05,2026-03-22T13:00:00Z,YOK,0.000,0.0,0.0,1.86,5.0,0.0,0.0,ev,1,1
19.03.2026 04:51,Telstar 1963,PSV,Eredivisie,Deplasman Kazanır,2.0,0.6883,0.3766,0.3766,0.5258,0.1625,0.987,1.05,1,1445.5,1764.7,0.979,0.979,1.296,2.764,0.906,0.763,0.566,0.674,0.42,0.698,0.333,0.0,BMMBG,GMGMG,0.0,0,0.42,0.31,0.05,2026-03-22T15:45:00Z,YOK,0.000,0.0,0.0,4.2,2.0,0.0,0.0,ev,1,1
19.03.2026 04:51,Como 1907,AC Pisa 1909,Serie A,Ev Sahibi Kazanır,1.86,0.7391,0.3747,0.3747,0.5645,0.1746,1.0,1.05,1,1694.6,1381.4,0.935,0.935,2.257,0.746,0.79,0.569,0.353,0.456,0.657,0.213,0.167,-0.167,GBMGG,BMBMM,0.0,0,0.42,0.31,0.05,2026-03-22T11:30:00Z,YOK,0.000,0.0,0.0,1.86,4.98,0.0,0.0,ev,1,1
19.03.2026 04:51,Atalanta BC,Hellas Verona FC,Serie A,Ev Sahibi Kazanır,1.85,0.7309,0.3522,0.3522,0.5661,0.1648,0.994,1.05,1,1649.5,1322.1,0.936,0.936,2.551,0.9,0.853,0.654,0.447,0.538,0.628,0.372,-0.5,0.0,GGGBM,BMMMG,0.83,5,0.4,0.3,0.05,2026-03-22T14:00:00Z,YOK,0.000,0.0,0.0,1.85,5.01,0.0,0.0,ev,1,1
19.03.2026 04:51,Sport Lisboa e Benfica,Vitória SC,Primeira Liga,Ev Sahibi Kazanır,1.88,0.7132,0.3408,0.3408,0.5598,0.1534,0.96,1.05,1,1768.6,1471.9,0.919,0.919,2.334,0.961,0.833,0.626,0.417,0.547,0.748,0.223,-0.5,-0.5,GGMGB,BMMMM,0.83,5,0.4,0.3,0.05,2026-03-21T18:00:00Z,YOK,0.000,0.0,0.0,1.88,4.87,0.0,0.0,ev,1,1
19.03.2026 04:51,AC Milan,Torino FC,Serie A,Ev Sahibi Kazanır,1.92,0.6918,0.3283,0.3283,0.5471,0.1447,0.934,1.05,1,1719.3,1470.2,0.917,0.917,1.917,0.915,0.766,0.54,0.317,0.496,0.658,0.244,-0.333,-0.167,BGBMG,MMBMM,0.83,5,0.4,0.3,0.05,2026-03-21T17:00:00Z,YOK,0.000,0.0,0.0,1.92,4.6,0.0,0.0,ev,1,1
19.03.2026 04:51,AS Roma,US Lecce,Serie A,Ev Sahibi Kazanır,1.93,0.6859,0.3238,0.3238,0.545,0.1409,0.923,1.05,1,1655.3,1413.2,0.941,0.941,1.975,0.636,0.725,0.476,0.266,0.393,0.767,0.188,0.0,0.333,GBGGB,MMGMM,0.83,5,0.41,0.29,0.05,2026-03-22T17:00:00Z,YOK,0.000,0.0,0.0,1.93,4.55,0.0,0.0,ev,1,1
19.03.2026 04:51,RC Celta de Vigo,Deportivo Alavés,La Liga,Ev Sahibi Kazanır,2.26,0.5857,0.3237,0.3237,0.4642,0.1215,0.865,1.05,1,1592.0,1424.4,0.909,0.909,1.647,1.02,0.742,0.493,0.287,0.513,0.501,0.201,-0.667,-0.167,GGMGM,MGBMM,0.83,5,0.4,0.3,0.05,2026-03-22T15:15:00Z,YOK,0.000,0.0,0.0,2.26,3.37,0.0,0.0,dep,1,1
19.03.2026 04:51,FC Augsburg,VfB Stuttgart,Bundesliga,Deplasman Kazanır,2.53,0.5276,0.3348,0.3348,0.4158,0.1118,0.835,1.05,1,1467.9,1648.0,0.981,0.981,1.299,2.066,0.84,0.638,0.426,0.618,0.837,0.549,0.5,-0.667,BBGGG,GGMBB,0.83,5,0.39,0.31,0.05,2026-03-22T18:30:00Z,YOK,0.000,0.0,0.0,2.92,2.53,0.0,0.0,dep,1,1
19.03.2026 04:51,Juventus FC,US Sassuolo Calcio,Serie A,Ev Sahibi Kazanır,1.97,0.6625,0.3051,0.3051,0.5341,0.1284,0.885,1.05,1,1685.1,1474.7,0.942,0.942,2.237,1.049,0.831,0.633,0.418,0.571,0.755,0.409,-0.167,0.5,GBMGG,MMGGM,0.5,3,0.41,0.31,0.05,2026-03-21T19:45:00Z,YOK,0.000,0.0,0.0,1.97,4.35,0.0,0.0,ber,1,1
19.03.2026 04:51,Swansea City AFC,Coventry City FC,Championship,Deplasman Kazanır,2.89,0.471,0.3612,0.3612,0.3638,0.1072,0.822,1.05,1,1451.2,1587.2,0.984,0.984,1.211,1.636,0.771,0.539,0.327,0.545,0.867,0.602,0.0,1.0,GGGBG,MMGGG,0.83,5,0.38,0.32,0.05,2026-03-21T17:15:00Z,YOK,0.000,0.0,0.0,2.55,2.89,0.0,0.0,dep,1,1
19.03.2026 04:51,ACF Fiorentina,FC Internazionale Milano,Serie A,Deplasman Kazanır,2.09,0.6062,0.267,0.267,0.502,0.1042,0.813,1.05,1,1509.7,1775.6,0.965,0.965,1.082,2.024,0.81,0.597,0.38,0.559,0.576,0.645,0.167,-0.667,BMBGB,GGMGM,0.83,5,0.4,0.3,0.05,2026-03-22T19:45:00Z,YOK,0.000,0.0,0.0,3.84,2.09,0.0,0.0,ber,1,1
19.03.2026 04:51,Stade Rennais FC 1901,FC Metz,Ligue 1,Ev Sahibi Kazanır,1.87,0.7295,0.3642,0.3642,0.5619,0.1676,1.0,1.05,1,1605.7,1303.2,0.938,0.938,2.694,1.033,0.884,0.709,0.507,0.596,0.613,0.12,0.167,-0.167,BMGGM,BMMMM,0.5,3,0.41,0.3,0.05,2026-03-22T16:15:00Z,YOK,0.000,0.0,0.0,1.87,4.92,0.0,0.0,ber,1,1
19.03.2026 04:51,OGC Nice,Paris Saint-Germain FC,Ligue 1,Deplasman Kazanır,1.94,0.6798,0.3188,0.3188,0.5407,0.1391,0.917,1.05,1,1482.3,1842.1,0.944,0.944,1.209,2.591,0.881,0.715,0.515,0.637,0.345,0.796,0.0,0.333,BBBBM,GMGGG,0.83,5,0.41,0.3,0.05,2026-03-21T20:00:00Z,YOK,0.000,0.0,0.0,4.47,1.94,0.0,0.0,dep,1,1
19.03.2026 04:51,Ipswich Town FC,Millwall FC,Championship,Ev Sahibi Kazanır,3.06,0.4221,0.2916,0.2916,0.343,0.0791,0.737,1.05,1,1562.2,1543.7,0.966,0.966,1.498,1.294,0.755,0.523,0.308,0.545,0.834,0.787,0.0,0.333,GBGGB,MGGGG,0.5,3,0.39,0.32,0.05,2026-03-21T12:30:00Z,YOK,0.000,0.0,0.0,3.06,2.43,0.0,0.0,ber,1,1
19.03.2026 05:06,Sport Lisboa e Benfica,Vitória SC,Primeira Liga,Ev Sahibi Kazanır,1.88,0.7325,0.3771,0.3771,0.5598,0.1727,1.000,1.0500,1,1768.6,1471.9,0.919,0.919,2.334,0.961,0.827,0.632,0.418,0.549,0.748,0.223,-0.500,-0.500,GGMGB,BMMMM,0.83,5,0.40,0.30,0.05,2026-03-21T18:00:00Z,YOK,0.000,0.0,0.0,1.88,4.87,0,0,ev,1,1
19.03.2026 05:06,1. FC Heidenheim 1846,Bayer 04 Leverkusen,Bundesliga,Deplasman Kazanır,1.99,0.6818,0.3568,0.3568,0.5270,0.1548,0.964,1.0500,1,1293.3,1672.1,0.950,0.950,1.012,2.392,0.850,0.656,0.441,0.562,0.219,0.468,0.000,0.000,BMMBM,GMGBM,0.83,5,0.40,0.30,0.05,2026-03-21T14:30:00Z,YOK,0.000,0.0,0.0,4.23,1.99,0,0,ber,1,1
19.03.2026 05:06,AS Roma,US Lecce,Serie A,Ev Sahibi Kazanır,1.93,0.7029,0.3566,0.3566,0.5450,0.1579,0.974,1.0500,1,1655.3,1413.2,0.942,0.942,1.975,0.636,0.728,0.470,0.260,0.396,0.767,0.188,0.000,0.333,GBGGB,MMGMM,0.83,5,0.41,0.29,0.05,2026-03-22T17:00:00Z,YOK,0.000,0.0,0.0,1.93,4.55,0,0,ev,1,1
19.03.2026 05:06,GD Estoril Praia,Rio Ave FC,Primeira Liga,Ev Sahibi Kazanır,2.09,0.6433,0.3445,0.3445,0.5022,0.1411,0.923,1.0500,1,1546.1,1413.1,0.947,0.947,2.269,1.268,0.864,0.678,0.468,0.635,0.783,0.363,-0.333,0.167,GGBGB,MMMMG,0.83,5,0.40,0.30,0.05,2026-03-22T15:30:00Z,YOK,0.000,0.0,0.0,2.09,3.84,0,0,dep,1,1
19.03.2026 05:06,NEC,SC Heerenveen,Eredivisie,Ev Sahibi Kazanır,2.24,0.5911,0.3241,0.3241,0.4689,0.1222,0.867,1.0500,1,1624.2,1555.9,0.975,0.975,2.614,1.58,0.913,0.777,0.596,0.722,0.630,0.554,-0.500,0.000,GGMMG,GMGMG,0.83,5,0.39,0.31,0.05,2026-03-22T11:15:00Z,YOK,0.000,0.0,0.0,2.24,3.42,0,0,ber,1,1
19.03.2026 05:06,Juventus FC,US Sassuolo Calcio,Serie A,Ev Sahibi Kazanır,1.97,0.6634,0.3069,0.3069,0.5341,0.1293,0.888,1.0500,1,1685.1,1474.7,0.943,0.943,2.237,1.049,0.828,0.632,0.408,0.570,0.755,0.409,-0.167,0.500,GBMGG,MMGGM,0.50,3,0.41,0.31,0.05,2026-03-21T19:45:00Z,YOK,0.000,0.0,0.0,1.97,4.35,0,0,ber,1,1
19.03.2026 05:06,Real Madrid CF,Club Atlético de Madrid,La Liga,Ev Sahibi Kazanır,2.1,0.6207,0.3035,0.3035,0.5012,0.1195,0.859,1.0500,1,1839.5,1703.1,0.936,0.936,2.324,1.54,0.887,0.730,0.532,0.693,0.851,0.454,-0.333,0.167,GGMGG,BMBGM,1.00,6,0.40,0.30,0.05,2026-03-22T20:00:00Z,YOK,0.000,0.0,0.0,2.10,3.83,0,0,ev,1,1
19.03.2026 05:06,Swansea City AFC,Coventry City FC,Championship,Deplasman Kazanır,2.89,0.4627,0.3372,0.3372,0.3638,0.0989,0.797,1.0500,1,1451.2,1587.2,0.983,0.983,1.211,1.636,0.768,0.533,0.320,0.550,0.867,0.602,0.000,1.000,GGGBG,MMGGG,0.83,5,0.38,0.32,0.05,2026-03-21T17:15:00Z,YOK,0.000,0.0,0.0,2.55,2.89,0,0,dep,1,1
19.03.2026 05:06,Blackburn Rovers FC,Middlesbrough FC,Championship,Deplasman Kazanır,3.03,0.4404,0.3344,0.3344,0.3462,0.0942,0.783,1.0500,1,1385.3,1539.9,0.972,0.972,1.038,1.458,0.704,0.447,0.243,0.487,0.463,0.707,0.000,-0.333,MGGMB,GGMGG,0.83,5,0.38,0.31,0.05,2026-03-21T12:30:00Z,YOK,0.000,0.0,0.0,2.45,3.03,0,0,ber,1,1
19.03.2026 05:06,RC Celta de Vigo,Deportivo Alavés,La Liga,Ev Sahibi Kazanır,2.26,0.5662,0.2796,0.2796,0.4642,0.1020,0.806,1.0500,1,1592.0,1424.4,0.912,0.912,1.647,1.02,0.749,0.513,0.294,0.515,0.501,0.201,-0.667,-0.167,GGMGM,MGBMM,0.83,5,0.40,0.30,0.05,2026-03-22T15:15:00Z,YOK,0.000,0.0,0.0,2.26,3.37,0,0,dep,1,1
19.03.2026 05:06,Athletic Club,Real Betis Balompié,La Liga,Deplasman Kazanır,3.36,0.3753,0.2610,0.2610,0.3126,0.0627,0.688,1.0500,1,1529.1,1596.8,0.978,0.978,1.498,1.34,0.769,0.539,0.320,0.568,0.492,0.483,0.500,0.500,MBGGM,BMGGM,0.83,5,0.36,0.32,0.05,2026-03-22T17:30:00Z,YOK,0.000,0.0,0.0,2.27,3.36,0,0,ev,1,1
19.03.2026 05:06,Racing Club de Lens,Angers SCO,Ligue 1,Ev Sahibi Kazanır,1.94,0.6806,0.3204,0.3204,0.5411,0.1395,0.918,1.0500,1,1660.9,1430.6,0.911,0.911,1.595,0.765,0.672,0.414,0.211,0.415,0.825,0.439,-0.333,-0.167,GGGMG,MBMMG,0.50,3,0.41,0.30,0.05,2026-03-20T19:45:00Z,YOK,0.000,0.0,0.0,1.94,4.48,0,0,ev,1,1
19.03.2026 05:06,ACF Fiorentina,FC Internazionale Milano,Serie A,Deplasman Kazanır,2.09,0.5937,0.2408,0.2408,0.5020,0.0917,0.775,1.0500,1,1509.7,1775.6,0.963,0.963,1.082,2.024,0.814,0.602,0.383,0.570,0.576,0.645,0.167,-0.667,BMBGB,GGMGM,0.83,5,0.40,0.30,0.05,2026-03-22T19:45:00Z,YOK,0.000,0.0,0.0,3.84,2.09,0,0,ber,1,1
19.03.2026 05:06,FC Augsburg,VfB Stuttgart,Bundesliga,Deplasman Kazanır,2.53,0.4902,0.2402,0.2402,0.4158,0.0744,0.723,1.0500,1,1467.9,1648.0,0.980,0.980,1.299,2.066,0.840,0.646,0.436,0.624,0.837,0.549,0.500,-0.667,BBGGG,GGMBB,0.83,5,0.39,0.31,0.05,2026-03-22T18:30:00Z,YOK,0.000,0.0,0.0,2.92,2.53,0,0,dep,1,1
19.03.2026 05:06,AC Milan,Torino FC,Serie A,Ev Sahibi Kazanır,1.92,0.6276,0.2050,0.2050,0.5471,0.0805,0.742,1.0500,1,1719.3,1470.2,0.917,0.917,1.917,0.915,0.767,0.531,0.314,0.498,0.658,0.244,-0.333,-0.167,BGBMG,MMBMM,0.83,5,0.40,0.30,0.05,2026-03-21T17:00:00Z,YOK,0.000,0.0,0.0,1.92,4.60,0,0,ev,1,1
19.03.2026 05:33,1. FC Heidenheim 1846,Bayer 04 Leverkusen,Bundesliga,Deplasman Kazanır,1.92,0.7221,0.3864,0.3864,0.5471,0.1750,1.000,1.0500,1,1293.3,1672.1,0.949,0.949,1.012,2.392,0.843,0.651,0.437,0.565,0.219,0.468,0.000,0.000,BMMBM,GMGBM,0.83,5,0.40,0.30,0.05,2026-03-21T14:30:00Z,YOK,0.000,0.0,0.0,4.60,1.92,0,0,ber,1,1
19.03.2026 05:33,Telstar 1963,PSV,Eredivisie,Deplasman Kazanır,2.0,0.6885,0.3770,0.3770,0.5263,0.1622,0.987,1.0500,1,1445.5,1764.7,0.980,0.980,1.296,2.764,0.905,0.762,0.577,0.673,0.420,0.698,0.333,0.000,BMMBG,GMGMG,0.00,0,0.42,0.31,0.05,2026-03-22T15:45:00Z,YOK,0.000,0.0,0.0,4.21,2.00,0,0,ev,1,1
19.03.2026 05:33,Como 1907,AC Pisa 1909,Serie A,Ev Sahibi Kazanır,1.86,0.7391,0.3747,0.3747,0.5645,0.1746,1.000,1.0500,1,1694.6,1381.4,0.935,0.935,2.257,0.746,0.801,0.575,0.352,0.465,0.657,0.213,0.167,-0.167,GBMGG,BMBMM,0.00,0,0.42,0.31,0.05,2026-03-22T11:30:00Z,YOK,0.000,0.0,0.0,1.86,4.98,0,0,ev,1,1
19.03.2026 05:33,FC Barcelona,Rayo Vallecano de Madrid,La Liga,Ev Sahibi Kazanır,1.83,0.7472,0.3674,0.3674,0.5724,0.1748,1.000,1.0500,1,1864.6,1514.6,0.940,0.940,2.817,0.914,0.875,0.708,0.509,0.552,1.000,0.230,0.000,0.333,GGGGG,MMMBB,0.83,5,0.41,0.30,0.05,2026-03-22T13:00:00Z,YOK,0.000,0.0,0.0,1.83,5.17,0,0,ev,1,1
19.03.2026 05:33,Atalanta BC,Hellas Verona FC,Serie A,Ev Sahibi Kazanır,1.85,0.7309,0.3522,0.3522,0.5677,0.1632,0.990,1.0500,1,1649.5,1322.1,0.937,0.937,2.551,0.9,0.848,0.656,0.447,0.536,0.628,0.372,-0.500,0.000,GGGBM,BMMMG,0.83,5,0.40,0.30,0.05,2026-03-22T14:00:00Z,YOK,0.000,0.0,0.0,1.85,5.05,0,0,ev,1,1
19.03.2026 05:33,Sport Lisboa e Benfica,Vitória SC,Primeira Liga,Ev Sahibi Kazanır,1.87,0.7132,0.3337,0.3337,0.5605,0.1527,0.958,1.0500,1,1768.6,1471.9,0.920,0.920,2.334,0.961,0.836,0.635,0.419,0.549,0.748,0.223,-0.500,-0.500,GGMGB,BMMMM,0.83,5,0.40,0.30,0.05,2026-03-21T18:00:00Z,YOK,0.000,0.0,0.0,1.87,4.88,0,0,ev,1,1
19.03.2026 05:33,AC Milan,Torino FC,Serie A,Ev Sahibi Kazanır,1.92,0.6918,0.3283,0.3283,0.5472,0.1446,0.934,1.0500,1,1719.3,1470.2,0.915,0.915,1.917,0.915,0.762,0.518,0.308,0.492,0.658,0.244,-0.333,-0.167,BGBMG,MMBMM,0.83,5,0.40,0.30,0.05,2026-03-21T17:00:00Z,YOK,0.000,0.0,0.0,1.92,4.60,0,0,ev,1,1
19.03.2026 05:33,AS Roma,US Lecce,Serie A,Ev Sahibi Kazanır,1.93,0.6859,0.3238,0.3238,0.5450,0.1409,0.923,1.0500,1,1655.3,1413.2,0.940,0.940,1.975,0.636,0.721,0.474,0.267,0.388,0.767,0.188,0.000,0.333,GBGGB,MMGMM,0.83,5,0.41,0.29,0.05,2026-03-22T17:00:00Z,YOK,0.000,0.0,0.0,1.93,4.55,0,0,ev,1,1
19.03.2026 05:33,Hull City AFC,Sheffield Wednesday FC,Championship,Ev Sahibi Kazanır,1.88,0.7040,0.3235,0.3235,0.5588,0.1452,0.936,1.0500,1,1464.4,1174.4,0.899,0.899,2.11,1.085,0.819,0.617,0.396,0.571,0.387,0.000,-0.167,0.000,BMMGM,MMMMM,0.83,5,0.40,0.30,0.05,2026-03-21T15:00:00Z,YOK,0.000,0.0,0.0,1.88,4.84,0,0,ev,1,1
19.03.2026 05:33,Borussia Dortmund,Hamburger SV,Bundesliga,Ev Sahibi Kazanır,1.92,0.6809,0.3073,0.3073,0.5476,0.1333,0.900,1.0500,1,1725.1,1474.7,0.916,0.916,2.03,1.019,0.804,0.585,0.363,0.551,0.733,0.506,0.000,0.667,GGGMG,MBGBG,0.00,0,0.42,0.32,0.05,2026-03-21T17:30:00Z,YOK,0.000,0.0,0.0,1.92,4.61,0,0,ev,1,1
19.03.2026 05:33,Juventus FC,US Sassuolo Calcio,Serie A,Ev Sahibi Kazanır,1.97,0.6625,0.3051,0.3051,0.5342,0.1283,0.885,1.0500,1,1685.1,1474.7,0.942,0.942,2.237,1.049,0.835,0.628,0.412,0.576,0.755,0.409,-0.167,0.500,GBMGG,MMGGM,0.50,3,0.41,0.31,0.05,2026-03-21T19:45:00Z,YOK,0.000,0.0,0.0,1.97,4.35,0,0,ber,1,1
19.03.2026 05:33,ACF Fiorentina,FC Internazionale Milano,Serie A,Deplasman Kazanır,2.09,0.6062,0.2670,0.2670,0.5035,0.1027,0.808,1.0500,1,1509.7,1775.6,0.965,0.965,1.082,2.024,0.803,0.588,0.370,0.549,0.576,0.645,0.167,-0.667,BMBGB,GGMGM,0.83,5,0.40,0.30,0.05,2026-03-22T19:45:00Z,YOK,0.000,0.0,0.0,3.86,2.09,0,0,ber,1,1
19.03.2026 05:33,Stade Rennais FC 1901,FC Metz,Ligue 1,Ev Sahibi Kazanır,1.87,0.7240,0.3539,0.3539,0.5619,0.1621,0.986,1.0500,1,1605.7,1303.2,0.938,0.938,2.694,1.033,0.873,0.705,0.503,0.578,0.613,0.120,0.167,-0.167,BMGGM,BMMMM,0.50,3,0.41,0.30,0.05,2026-03-22T16:15:00Z,YOK,0.000,0.0,0.0,1.87,4.92,0,0,ber,1,1
19.03.2026 05:33,OGC Nice,Paris Saint-Germain FC,Ligue 1,Deplasman Kazanır,1.94,0.6798,0.3188,0.3188,0.5410,0.1388,0.916,1.0500,1,1482.3,1842.1,0.944,0.944,1.209,2.591,0.875,0.712,0.511,0.628,0.345,0.796,0.000,0.333,BBBBM,GMGGG,0.83,5,0.41,0.30,0.05,2026-03-21T20:00:00Z,YOK,0.000,0.0,0.0,4.48,1.94,0,0,dep,1,1
19.03.2026 05:33,Racing Club de Lens,Angers SCO,Ligue 1,Ev Sahibi Kazanır,1.94,0.6764,0.3122,0.3122,0.5411,0.1353,0.906,1.0500,1,1660.9,1430.6,0.912,0.912,1.595,0.765,0.675,0.418,0.222,0.417,0.825,0.439,-0.333,-0.167,GGGMG,MBMMG,0.50,3,0.41,0.30,0.05,2026-03-20T19:45:00Z,YOK,0.000,0.0,0.0,1.94,4.48,0,0,ev,1,1
19.03.2026 05:58,1. FC Heidenheim 1846,Bayer 04 Leverkusen,Bundesliga,Deplasman Kazanır,1.92,0.7221,0.3864,0.3864,0.5471,0.1750,1.000,1.0500,1,1293.3,1672.1,0.949,0.949,1.012,2.392,0.841,0.649,0.433,0.556,0.219,0.468,0.000,0.000,BMMBM,GMGBM,0.83,5,0.40,0.30,0.05,2026-03-21T14:30:00Z,YOK,0.000,0.0,0.0,4.60,1.92,0,0,ber,1,1
19.03.2026 05:58,Como 1907,AC Pisa 1909,Serie A,Ev Sahibi Kazanır,1.86,0.7391,0.3747,0.3747,0.5645,0.1746,1.000,1.0500,1,1694.6,1381.4,0.934,0.934,2.257,0.746,0.791,0.568,0.349,0.465,0.657,0.213,0.167,-0.167,GBMGG,BMBMM,0.00,0,0.42,0.31,0.05,2026-03-22T11:30:00Z,YOK,0.000,0.0,0.0,1.86,4.98,0,0,ev,1,1
19.03.2026 05:58,Telstar 1963,PSV,Eredivisie,Deplasman Kazanır,2.0,0.6872,0.3744,0.3744,0.5263,0.1609,0.983,1.0500,1,1445.5,1764.7,0.979,0.979,1.296,2.764,0.905,0.761,0.573,0.672,0.420,0.698,0.333,0.000,BMMBG,GMGMG,0.00,0,0.42,0.31,0.05,2026-03-22T15:45:00Z,YOK,0.000,0.0,0.0,4.21,2.00,0,0,ev,1,1
19.03.2026 05:58,FC Barcelona,Rayo Vallecano de Madrid,La Liga,Ev Sahibi Kazanır,1.83,0.7472,0.3674,0.3674,0.5724,0.1748,1.000,1.0500,1,1864.6,1514.6,0.941,0.941,2.817,0.914,0.879,0.713,0.506,0.555,1.000,0.230,0.000,0.333,GGGGG,MMMBB,0.83,5,0.41,0.30,0.05,2026-03-22T13:00:00Z,YOK,0.000,0.0,0.0,1.83,5.17,0,0,ev,1,1
19.03.2026 05:58,Atalanta BC,Hellas Verona FC,Serie A,Ev Sahibi Kazanır,1.85,0.7274,0.3457,0.3457,0.5677,0.1597,0.979,1.0500,1,1649.5,1322.1,0.938,0.938,2.551,0.9,0.853,0.670,0.456,0.540,0.628,0.372,-0.500,0.000,GGGBM,BMMMG,0.83,5,0.40,0.30,0.05,2026-03-22T14:00:00Z,YOK,0.000,0.0,0.0,1.85,5.05,0,0,ev,1,1
19.03.2026 05:58,Sport Lisboa e Benfica,Vitória SC,Primeira Liga,Ev Sahibi Kazanır,1.87,0.7132,0.3337,0.3337,0.5605,0.1527,0.958,1.0500,1,1768.6,1471.9,0.919,0.919,2.334,0.961,0.834,0.632,0.417,0.551,0.748,0.223,-0.500,-0.500,GGMGB,BMMMM,0.83,5,0.40,0.30,0.05,2026-03-21T18:00:00Z,YOK,0.000,0.0,0.0,1.87,4.88,0,0,ev,1,1
19.03.2026 05:58,AC Milan,Torino FC,Serie A,Ev Sahibi Kazanır,1.92,0.6918,0.3283,0.3283,0.5472,0.1446,0.934,1.0500,1,1719.3,1470.2,0.916,0.916,1.917,0.915,0.769,0.531,0.313,0.499,0.658,0.244,-0.333,-0.167,BGBMG,MMBMM,0.83,5,0.40,0.30,0.05,2026-03-21T17:00:00Z,YOK,0.000,0.0,0.0,1.92,4.60,0,0,ev,1,1
19.03.2026 05:58,AS Roma,US Lecce,Serie A,Ev Sahibi Kazanır,1.93,0.6859,0.3238,0.3238,0.5450,0.1409,0.923,1.0500,1,1655.3,1413.2,0.941,0.941,1.975,0.636,0.727,0.478,0.265,0.397,0.767,0.188,0.000,0.333,GBGGB,MMGMM,0.83,5,0.41,0.29,0.05,2026-03-22T17:00:00Z,YOK,0.000,0.0,0.0,1.93,4.55,0,0,ev,1,1
19.03.2026 05:58,Hull City AFC,Sheffield Wednesday FC,Championship,Ev Sahibi Kazanır,1.88,0.7040,0.3235,0.3235,0.5588,0.1452,0.936,1.0500,1,1464.4,1174.4,0.898,0.898,2.11,1.085,0.822,0.615,0.393,0.572,0.387,0.000,-0.167,0.000,BMMGM,MMMMM,0.83,5,0.40,0.30,0.05,2026-03-21T15:00:00Z,YOK,0.000,0.0,0.0,1.88,4.84,0,0,ev,1,1
19.03.2026 05:58,Juventus FC,US Sassuolo Calcio,Serie A,Ev Sahibi Kazanır,1.97,0.6646,0.3093,0.3093,0.5342,0.1304,0.891,1.0500,1,1685.1,1474.7,0.945,0.945,2.237,1.049,0.829,0.629,0.411,0.567,0.755,0.409,-0.167,0.500,GBMGG,MMGGM,0.50,3,0.41,0.31,0.05,2026-03-21T19:45:00Z,YOK,0.000,0.0,0.0,1.97,4.35,0,0,ber,1,1
19.03.2026 05:58,Borussia Dortmund,Hamburger SV,Bundesliga,Ev Sahibi Kazanır,1.92,0.6817,0.3089,0.3089,0.5476,0.1341,0.902,1.0500,1,1725.1,1474.7,0.917,0.917,2.03,1.019,0.802,0.578,0.363,0.540,0.733,0.506,0.000,0.667,GGGMG,MBGBG,0.00,0,0.42,0.32,0.05,2026-03-21T17:30:00Z,YOK,0.000,0.0,0.0,1.92,4.61,0,0,ev,1,1
19.03.2026 05:58,ACF Fiorentina,FC Internazionale Milano,Serie A,Deplasman Kazanır,2.09,0.6062,0.2670,0.2670,0.5035,0.1027,0.808,1.0500,1,1509.7,1775.6,0.962,0.962,1.082,2.024,0.808,0.590,0.376,0.566,0.576,0.645,0.167,-0.667,BMBGB,GGMGM,0.83,5,0.40,0.30,0.05,2026-03-22T19:45:00Z,YOK,0.000,0.0,0.0,3.86,2.09,0,0,ber,1,1
19.03.2026 05:58,Stade Rennais FC 1901,FC Metz,Ligue 1,Ev Sahibi Kazanır,1.87,0.7271,0.3597,0.3597,0.5619,0.1652,0.996,1.0500,1,1605.7,1303.2,0.939,0.939,2.694,1.033,0.872,0.716,0.514,0.581,0.613,0.120,0.167,-0.167,BMGGM,BMMMM,0.50,3,0.41,0.30,0.05,2026-03-22T16:15:00Z,YOK,0.000,0.0,0.0,1.87,4.92,0,0,ber,1,1
19.03.2026 05:58,OGC Nice,Paris Saint-Germain FC,Ligue 1,Deplasman Kazanır,1.94,0.6798,0.3188,0.3188,0.5410,0.1388,0.916,1.0500,1,1482.3,1842.1,0.945,0.945,1.209,2.591,0.885,0.723,0.526,0.637,0.345,0.796,0.000,0.333,BBBBM,GMGGG,0.83,5,0.41,0.30,0.05,2026-03-21T20:00:00Z,YOK,0.000,0.0,0.0,4.48,1.94,0,0,dep,1,1
19.03.2026 05:58,Racing Club de Lens,Angers SCO,Ligue 1,Ev Sahibi Kazanır,1.94,0.6764,0.3122,0.3122,0.5411,0.1353,0.906,1.0500,1,1660.9,1430.6,0.914,0.914,1.595,0.765,0.674,0.418,0.218,0.422,0.825,0.439,-0.333,-0.167,GGGMG,MBMMG,0.50,3,0.41,0.30,0.05,2026-03-20T19:45:00Z,YOK,0.000,0.0,0.0,1.94,4.48,0,0,ev,1,1
19.03.2026 06:26,Cagliari Calcio,SSC Napoli,Serie A,Deplasman Kazanır,2.08,0.5804,0.2072,0.2072,0.5037,0.0767,0.730,1.0500,1,1414.0,1680.5,0.940,0.940,1.096,1.777,0.776,0.539,0.316,0.535,0.427,0.599,-0.500,0.333,GGMBM,BMGMG,0.83,5,0.40,0.30,0.05,2026-03-20T17:30:00Z,YOK,0.000,0.0,0.0,3.86,2.08,0,0,dep,1,1
19.03.2026 06:26,Feyenoord Rotterdam,AFC Ajax,Eredivisie,Ev Sahibi Kazanır,2.35,0.5171,0.2152,0.2152,0.4477,0.0694,0.708,1.0500,1,1635.9,1604.7,0.978,0.978,2.381,1.628,0.901,0.753,0.561,0.715,0.780,0.529,0.500,-0.500,MGGGG,GBBBM,0.83,5,0.38,0.31,0.05,2026-03-22T13:30:00Z,YOK,0.000,0.0,0.0,2.35,3.20,0,0,ber,1,1
19.03.2026 06:35,Sparta Rotterdam,FC Volendam,Eredivisie,Ev Sahibi Kazanır,2.08,0.5756,0.1972,0.1578,0.5037,0.0719,0.716,1.0500,1,1488.1,1351.7,0.940,0.940,1.779,1.084,0.772,0.544,0.323,0.541,0.597,0.149,0.000,0.333,MGGBB,MMGMM,0.50,3,0.41,0.31,0.05,2026-03-21T17:45:00Z,YOK,0.000,0.0,0.0,2.08,3.86,0,0,ev,1,1
19.03.2026 06:35,Fortuna Sittard,FC Twente '65,Eredivisie,Deplasman Kazanır,2.35,0.5037,0.1837,0.1470,0.4471,0.0566,0.670,1.0500,1,1452.4,1612.7,0.954,0.954,1.173,2.28,0.852,0.665,0.452,0.610,0.462,0.666,0.167,0.000,GMBGM,BGBBG,0.83,5,0.38,0.31,0.05,2026-03-21T15:30:00Z,YOK,0.000,0.0,0.0,3.20,2.35,0,0,dep,1,1
19.03.2026 06:35,Villarreal CF,Real Sociedad de Fútbol,La Liga,Ev Sahibi Kazanır,2.34,0.4953,0.1590,0.1272,0.4495,0.0458,0.637,1.0500,1,1603.3,1569.0,0.970,0.970,1.996,1.541,0.862,0.685,0.480,0.672,0.622,0.458,0.667,-0.333,MMGGG,GBMGM,0.83,5,0.39,0.31,0.05,2026-03-20T20:00:00Z,YOK,0.000,0.0,0.0,2.34,3.22,0,0,ev,1,1
19.03.2026 06:35,FC Nantes,RC Strasbourg Alsace,Ligue 1,Deplasman Kazanır,2.15,0.5575,0.1986,0.1589,0.4876,0.0699,0.710,1.0500,1,1355.7,1589.1,0.958,0.958,1.016,1.726,0.747,0.504,0.294,0.508,0.214,0.371,0.333,-0.167,MMMGM,BGMBB,0.83,5,0.40,0.30,0.05,2026-03-22T19:45:00Z,YOK,0.000,0.0,0.0,3.65,2.15,0,0,dep,1,1
19.03.2026 06:35,Toulouse FC,FC Lorient,Ligue 1,Ev Sahibi Kazanır,2.52,0.4605,0.1605,0.1284,0.4172,0.0433,0.630,1.0500,1,1511.1,1529.8,0.982,0.982,1.615,1.237,0.766,0.541,0.316,0.556,0.413,0.510,-0.333,-0.500,MGBBM,GGMBB,0.50,3,0.38,0.32,0.05,2026-03-21T16:00:00Z,YOK,0.000,0.0,0.0,2.52,2.93,0,0,ev,1,1
19.03.2026 07:04,FC Utrecht,Go Ahead Eagles,Eredivisie,Ev Sahibi Kazanır,2.1,0.5562,0.1680,0.1344,0.5003,0.0559,0.668,1.0500,1,1600.8,1471.7,0.918,0.918,1.681,1.304,0.795,0.577,0.352,0.592,0.483,0.390,0.333,0.167,MMMBG,MBBMG,0.83,5,0.40,0.30,0.05,2026-03-22T13:30:00Z,YOK,0.000,0.0,0.0,2.10,3.81,0,0,ev,1,1
19.03.2026 07:04,PEC Zwolle,NAC Breda,Eredivisie,Ev Sahibi Kazanır,2.13,0.5430,0.1566,0.1253,0.4938,0.0492,0.648,1.0500,1,1465.8,1350.0,0.931,0.931,1.784,1.221,0.790,0.565,0.350,0.576,0.660,0.266,-0.667,0.000,GGMBB,BBGMM,0.50,3,0.41,0.31,0.05,2026-03-21T20:00:00Z,YOK,0.000,0.0,0.0,2.13,3.73,0,0,ev,1,1
19.03.2026 20:47,CD Tondela,AVS,Primeira Liga,Ev Sahibi Kazanır,2.12,0.5459,0.1573,0.1258,0.4946,0.0513,0.654,1.0500,1,1395.2,1277.8,0.922,0.922,1.365,0.947,0.668,0.396,0.203,0.437,0.317,0.166,-0.167,0.000,MBBBM,MBMMB,0.00,0,0.42,0.32,0.05,2026-03-21T20:30:00Z,YOK,0.000,0.0,0.0,2.12,3.74,0,0,ber,1,1
20.03.2026 01:40,Levante UD,Real Oviedo,La Liga,Ev Sahibi Kazanır,2.33,0.5333,0.2426,0.2426,0.4515,0.0818,0.745,1.0500,1,1438.6,1400.9,0.961,0.961,1.422,0.902,0.672,0.411,0.213,0.462,0.496,0.223,0.000,0.167,BMMGB,MMBMB,0.00,0,0.40,0.33,0.05,2026-03-21T17:30:00Z,YOK,0.000,0.0,0.0,2.33,3.24,0,0,ev,1,1
20.03.2026 01:40,Moreirense FC,FC Arouca,Primeira Liga,Ev Sahibi Kazanır,2.31,0.5333,0.2319,0.2319,0.4553,0.0780,0.734,1.0500,1,1479.3,1435.1,0.964,0.964,1.668,1.357,0.793,0.554,0.353,0.579,0.376,0.273,-0.500,-0.667,GGMMB,GGMMM,0.83,5,0.39,0.31,0.05,2026-03-21T15:30:00Z,YOK,0.000,0.0,0.0,2.31,3.28,0,0,dep,1,1
20.03.2026 01:40,Genoa CFC,Udinese Calcio,Serie A,Ev Sahibi Kazanır,2.29,0.5333,0.2213,0.2213,0.4592,0.0741,0.722,1.0500,1,1519.2,1468.2,0.954,0.954,1.665,1.208,0.776,0.522,0.323,0.558,0.661,0.403,-0.167,-0.500,GGMGG,GGMMB,0.83,5,0.39,0.31,0.05,2026-03-20T19:45:00Z,YOK,0.000,0.0,0.0,2.29,3.32,0,0,dep,1,1
20.03.2026 01:40,Bristol City FC,West Bromwich Albion FC,Championship,Ev Sahibi Kazanır,2.34,0.5333,0.2479,0.2479,0.4483,0.0850,0.755,1.0500,1,1401.3,1369.0,0.943,0.943,1.29,1.204,0.700,0.442,0.241,0.516,0.326,0.231,-0.167,0.167,GMBMM,BMBMB,0.83,5,0.38,0.31,0.05,2026-03-21T15:00:00Z,YOK,0.000,0.0,0.0,2.34,3.21,0,0,dep,1,1
20.03.2026 01:40,Derby County FC,Birmingham City FC,Championship,Ev Sahibi Kazanır,2.29,0.5333,0.2213,0.2213,0.4581,0.0752,0.726,1.0500,1,1478.7,1429.6,0.953,0.953,1.542,1.129,0.737,0.495,0.274,0.520,0.695,0.429,0.833,-0.500,BMGGG,GGGMM,0.00,0,0.41,0.33,0.05,2026-03-21T12:30:00Z,YOK,0.000,0.0,0.0,2.29,3.31,0,0,ev,1,1
20.03.2026 01:40,Paris FC,Le Havre AC,Ligue 1,Ev Sahibi Kazanır,2.32,0.5333,0.2373,0.2373,0.4519,0.0814,0.744,1.0500,1,1473.7,1435.4,0.950,0.950,1.336,1.191,0.716,0.446,0.250,0.523,0.423,0.168,0.167,-0.167,MBBMG,MBMMM,0.00,0,0.40,0.33,0.05,2026-03-22T16:15:00Z,YOK,0.000,0.0,0.0,2.32,3.24,0,0,ev,1,1
20.03.2026 01:40,Parma Calcio 1913,US Cremonese,Serie A,Ev Sahibi Kazanır,2.21,0.5333,0.1786,0.0536,0.4758,0.0575,0.672,1.0500,1,1466.8,1385.9,0.928,0.928,1.255,0.972,0.650,0.379,0.184,0.460,0.433,0.039,0.000,0.000,MBMGB,MMMMM,0.00,0,0.41,0.32,0.05,2026-03-21T14:00:00Z,YOK,0.000,0.0,0.0,2.21,3.50,0,0,dep,1,1
20.03.2026 01:40,Fulham FC,Burnley FC,Premier League,Deplasman Kazanır,3.74,0.3333,0.2465,0.2465,0.2810,0.0523,0.657,1.0500,1,1593.2,1476.1,0.896,0.896,1.348,1.178,0.708,0.451,0.245,0.523,0.533,0.329,-0.500,0.333,GGMGM,BMGBM,0.50,3,0.41,0.31,0.05,2026-03-21T15:00:00Z,YOK,0.000,0.0,0.0,2.12,3.74,0,0,ev,1,1
20.03.2026 01:40,Watford FC,Leicester City FC,Championship,Ev Sahibi Kazanır,2.16,0.5333,0.1519,0.0456,0.4851,0.0482,0.645,1.0500,1,1447.2,1348.7,0.934,0.934,1.729,1.317,0.801,0.568,0.359,0.591,0.553,0.319,0.500,0.333,BMGMG,BMBBB,0.50,3,0.40,0.31,0.05,2026-03-21T15:00:00Z,YOK,0.000,0.0,0.0,2.16,3.62,0,0,ber,1,1
20.03.2026 01:40,Fulham FC,Burnley FC,Premier League,Ev Sahibi Kazanır,2.12,0.5333,0.1306,0.0392,0.4945,0.0388,0.616,1.0500,1,1593.2,1476.1,0.896,0.896,1.348,1.178,0.708,0.451,0.245,0.523,0.533,0.329,-0.500,0.333,GGMGM,BMGBM,0.50,3,0.41,0.31,0.05,2026-03-21T15:00:00Z,YOK,0.000,0.0,0.0,2.12,3.74,0,0,ev,1,1
20.03.2026 01:40,Newcastle United FC,Sunderland AFC,Premier League,Ev Sahibi Kazanır,2.08,0.5333,0.1093,0.0328,0.5039,0.0294,0.500,1.0500,1,1696.1,1559.3,0.906,0.906,1.514,1.126,0.737,0.506,0.279,0.512,0.549,0.378,0.167,0.333,MGMGB,MMMBG,0.00,0,0.42,0.32,0.05,2026-03-22T12:00:00Z,YOK,0.000,0.0,0.0,2.08,3.87,0,0,dep,1,1
20.03.2026 01:40,Southampton FC,Oxford United FC,Championship,Ev Sahibi Kazanır,2.1,0.5333,0.1199,0.0360,0.5003,0.0330,0.599,1.0500,1,1511.8,1382.6,0.915,0.915,1.61,1.197,0.762,0.520,0.316,0.541,0.762,0.435,0.167,0.000,GGBGG,MBBMG,0.00,0,0.42,0.32,0.05,2026-03-21T15:00:00Z,YOK,0.000,0.0,0.0,2.10,3.82,0,0,ev,1,1
